<Ui xmlns="http://www.blizzard.com/wow/ui/">
	<Button name="InventorianFrameTabButtonTemplate" inherits="CharacterFrameTabButtonTemplate" virtual="true">
		<Scripts>
			<OnLoad>
				self:SetFrameLevel(self:GetFrameLevel() + 4)
				self:RegisterEvent("DISPLAY_SIZE_CHANGED")
			</OnLoad>
			<OnEvent>
				if (self:IsVisible()) then
					PanelTemplates_TabResize(self, 0, nil, 36, self:GetParent().maxTabWidth or 88)
				end
			</OnEvent>
			<OnShow>
				PanelTemplates_TabResize(self, 0, nil, 36, self:GetParent().maxTabWidth or 88)
			</OnShow>
			<OnEnter>
				local buttonText = _G[self:GetName().."Text"]
				if (buttonText and buttonText:IsTruncated()) then
					GameTooltip:SetOwner(self, "ANCHOR_RIGHT")
					GameTooltip:SetText(buttonText:GetText())
				end
			</OnEnter>
			<OnLeave>
				GameTooltip_Hide()
			</OnLeave>
		</Scripts>
	</Button>
	<Frame name="InventorianFrameTemplate"
	       resizable="true" clampedToScreen="true" enableMouse="true" movable="true"
	       topLevel="true" frameStrata="HIGH" parent="UIParent" hidden="true"
	       inherits="ButtonFrameTemplate" virtual="true">
		<Size x="300" y="400"/>
		<ResizeBounds>
			<minResize x="300" y="400"/>
		</ResizeBounds>

		<Layers>
			<Layer level="OVERLAY">
				<Texture inherits="UI-Frame-BtnDivMiddle"> <!-- Separator -->
					<Anchors>
						<Anchor point="BOTTOMLEFT">
							<Offset x="145" y="2"/>
						</Anchor>
					</Anchors>
				</Texture>
			</Layer>
			<Layer level="ARTWORK">
				<Texture file="Interface\MerchantFrame\UI-Merchant-BotLeft"> <!-- Left -->
					<Size x="64" y="24"/>
					<Anchors>
						<Anchor point="BOTTOMLEFT">
							<Offset x="156" y="2"/>
						</Anchor>
					</Anchors>
					<TexCoords left="0.72" right="1" top="0.675" bottom=".754"/>
				</Texture>
				<Texture file="Interface\MerchantFrame\UI-Merchant-BotRight">
					<Size x="64" y="24"/>
					<Anchors>
						<Anchor point="BOTTOMRIGHT">
							<Offset x="-30" y="2"/>
						</Anchor>
						<Anchor point="BOTTOMLEFT">
							<Offset x="220" y="2"/>
						</Anchor>
					</Anchors>
					<TexCoords left="0" right="0.5" top="0.675" bottom=".754"/>
				</Texture>
				<Texture file="Interface\MerchantFrame\UI-Merchant-BotRight"> <!-- Right -->
					<Size x="64" y="24"/>
					<Anchors>
						<Anchor point="BOTTOMRIGHT">
							<Offset x="34" y="2"/>
						</Anchor>
					</Anchors>
					<TexCoords left="0.5" right="1" top="0.675" bottom=".754"/>
				</Texture>
			</Layer>
		</Layers>

		<Frames>
			<Button parentKey="IconButton" name = "$parentIconButton">
				<Size x="64" y="64"/>
				<Anchors>
					<Anchor point="TOPLEFT">
						<Offset x="-8" y="8"/>
					</Anchor>
				</Anchors>
				<HighlightTexture alphaMode="ADD" file="Interface\Minimap\UI-Minimap-ZoomButton-Highlight">
					<Size x="78" y="78"/>
					<Anchors>
						<Anchor point="CENTER"/>
					</Anchors>
				</HighlightTexture>
				<Scripts>
					<OnLoad>
						self:RegisterForClicks("anyUp")
						self.icon = self:GetParent().portrait
						self.icon:ClearAllPoints()
						self.icon:SetPoint("CENTER", self)
					</OnLoad>
					<OnMouseDown>
						self.icon:SetWidth(56)
						self.icon:SetHeight(56)
						self.icon:SetTexCoord(0.075, 0.925, 0.075, 0.925)
					</OnMouseDown>
					<OnMouseUp>
						self.icon:SetWidth(62)
						self.icon:SetHeight(62)
						self.icon:SetTexCoord(0, 1, 0, 1)
					</OnMouseUp>
					<OnClick>
						self:GetParent():OnPortraitClick(self)
					</OnClick>
					<OnEnter>
						self:GetParent():OnPortraitEnter(self)
					</OnEnter>
					<OnLeave>
						GameTooltip:Hide()
					</OnLeave>
				</Scripts>
			</Button>
			<Button parentKey="Title" name="$parentTitle">
				<Size x="262" y="14"/>
				<Scripts>
					<OnLoad>
						self:RegisterForDrag("LeftButton")
						self:SetPoint("TOP", self:GetParent().TitleText)
					</OnLoad>
					<OnMouseDown>
						self.moving = true
						self:GetParent():StartMoving()
					</OnMouseDown>
					<OnMouseUp>
						if self.moving then
							self.moving = nil
							self:GetParent():StopMovingOrSizing()
							LibStub("LibWindow-1.1").SavePosition(self:GetParent())
						end
					</OnMouseUp>
				</Scripts>
				<NormalFont style="GameFontNormal"/>
				<HighlightFont style="GameFontHighlight"/>
			</Button>
			<Button name="$parentResize">
				<Size x="16" y="16"/>

				<Anchors>
					<Anchor point="BOTTOMRIGHT">
						<Offset x="-7" y="4"/>
					</Anchor>
				</Anchors>

				<Scripts>
					<OnLoad>
						self:SetFrameLevel(self:GetFrameLevel() + 4)
						self:GetNormalTexture():SetVertexColor(1, 0.82, 0, .8)
						self:GetNormalTexture():SetAlpha(.5)
					</OnLoad>
					<OnMouseDown>
						self:GetParent():StartSizing()
					</OnMouseDown>
					<OnMouseUp>
						self:GetParent():StopMovingOrSizing()
					</OnMouseUp>
				</Scripts>

				<NormalTexture file="Interface\ChatFrame\UI-ChatIM-SizeGrabber-Up" setAllPoints="true"/>
				<PushedTexture file="Interface\ChatFrame\UI-ChatIM-SizeGrabber-Down" setAllPoints="true"/>
				<HighlightTexture file="Interface\ChatFrame\UI-ChatIM-SizeGrabber-Highlight" alphaMode="ADD" setAllPoints="true"/>
			</Button>

			<EditBox name="$parentSearchBox" parentKey="SearchBox" inherits="SearchBoxTemplate">
				<Size y="18"/>
				<Anchors>
					<Anchor point="TOPLEFT">
						<Offset x="75" y="-32"/>
					</Anchor>
					<Anchor point="TOPRIGHT">
						<Offset x="-75" y="-32"/>
					</Anchor>
				</Anchors>
				<Scripts>
					<OnTextChanged>
						SearchBoxTemplate_OnTextChanged(self)
						self:GetParent():OnSearchTextChanged()
					</OnTextChanged>
				</Scripts>
			</EditBox>

			<Button name="$pargenBagToggle">
				<Size x="32" y="32"/>
				<Anchors>
					<Anchor point="TOPRIGHT">
						<Offset x="-10" y="-27"/>
					</Anchor>
				</Anchors>

				<Layers>
					<Layer level="BACKGROUND">
						<Texture parentKey="Icon" name="$parentIcon" file="Interface\Buttons\Button-Backpack-Up">
							<Size x="20" y="20"/>
							<Anchors>
								<Anchor point="TOPLEFT">
									<Offset x="7" y="-6"/>
								</Anchor>
							</Anchors>
							<TexCoords left="0.075" right="0.925" top="0.075" bottom="0.925"/>
						</Texture>
					</Layer>
					<Layer level="OVERLAY">
						<Texture parentKey="Border" name="$parentBorder" file="Interface\Minimap\MiniMap-TrackingBorder">
							<Size x="54" y="54"/>

							<Anchors>
								<Anchor point="TOPLEFT"/>
							</Anchors>
						</Texture>
					</Layer>
				</Layers>
				<Scripts>
					<OnLoad>
						self:RegisterForClicks("anyUp")
						self.Border:SetDesaturated(true)
						self.Border:SetAlpha(0.6)
					</OnLoad>
					<OnClick>
						self:GetParent():OnBagToggleClick(self, button)
					</OnClick>
					<OnMouseDown>
						self.Icon:SetTexCoord(0,1,0,1)
					</OnMouseDown>
					<OnMouseUp>
						self.Icon:SetTexCoord(0.075,0.925,0.075,0.925)
					</OnMouseUp>
					<OnEnter>
						self:GetParent():OnBagToggleEnter(self)
					</OnEnter>
					<OnLeave>
						GameTooltip:Hide()
					</OnLeave>
				</Scripts>
				<HighlightTexture alphaMode="ADD" file="Interface\Minimap\UI-Minimap-ZoomButton-Highlight"/>
			</Button>
			<Frame parentKey="Money" name="$parentMoneyFrame" inherits="SmallMoneyFrameTemplate">
				<Anchors>
					<Anchor point="BOTTOMRIGHT" relativeTo="$parent" relativePoint="BOTTOMRIGHT" x="-6" y="9"/>
				</Anchors>
				<Scripts>
					<OnLoad>
						SmallMoneyFrame_OnLoad(self);
						MoneyFrame_SetType(self, "PLAYER");
						MoneyFrame_SetMaxDisplayWidth(self, 168);
					</OnLoad>
				</Scripts>
			</Frame>
		</Frames>

		<Scripts>
			<OnLoad>
				SetPortraitTexture(self.portrait, "player")
			</OnLoad>
		</Scripts>
	</Frame>
</Ui>
